cmTop,cmBot,ageTop,ageBot,charVol,charCount
0,0.5,-55,-54.80844981,1,0
0.5,1,-54.80844981,-53.76189827,1,0
1,1.5,-53.76189827,-52.36238413,1.5,0
1.5,2,-52.36238413,-50.72090894,1,0
2,2.5,-50.72090894,-49.25844185,3,0
2.5,3,-49.25844185,-48.00527791,3,0
3,3.5,-48.00527791,-46.42248771,3,1
3.5,4,-46.42248771,-44.23321943,1,0
4,4.5,-44.23321943,-42.16419792,3,0
4.5,5,-42.16419792,-40.18924936,3,0
5,5.5,-40.18924936,-37.36226502,3,1
5.5,6,-37.36226502,-34.69118677,3,0
6,6.5,-34.69118677,-31.70440759,3,0
6.5,7,-31.70440759,-28.43753425,3,1
7,7.5,-28.43753425,-24.87728876,3,0
7.5,8,-24.87728876,-21.83376787,3,3
8,8.5,-21.83376787,-18.30230768,3,5
8.5,9,-18.30230768,-14.86455708,3,2
9,9.5,-14.86455708,-10.90308572,3,0
9.5,10,-10.90308572,-6.885093143,3,4
10,11,-6.885093143,0.696038942,4,3
11,12,0.696038942,10.16662621,4,7
12,13,10.16662621,20.01235565,4,1
13,14,20.01235565,34.57313045,4,1
14,15,34.57313045,43.87745306,4,5
15,16,43.87745306,47.41249805,4,9
16,17,47.41249805,56.29348293,4,4
17,18,56.29348293,76.10471131,4,6
18,19,76.10471131,86.39889313,4,3
19,20,86.39889313,96.70198301,4,5
20,21,96.70198301,107.0077453,4,6
21,22,107.0077453,117.3175162,4,5
22,23,117.3175162,127.632632,4,5
23,24,127.632632,137.9544288,3,1
24,25,137.9544288,148.2842429,2.5,2
25,26,148.2842429,158.6234104,3,0
26,27,158.6234104,168.9732677,3,3
27,28,168.9732677,179.3351508,3,4
28,29,179.3351508,189.710396,3,4
29,29.5,189.710396,194.9034469,3,9
29.5,30,194.9034469,200.1003395,2,3
30,31,200.1003395,210.5063175,3,10
31,32,210.5063175,220.9296662,2,2
32,33,220.9296662,231.3717219,3,4
33,33.5,231.3717219,236.6001824,3,3
33.5,34,236.6001824,241.8338207,3,6
34,35,241.8338207,252.3172989,2.5,5
35,36,252.3172989,262.8234926,3,5
36,36.5,262.8234926,268.0855254,NA,NA
36.5,37,268.0855254,273.3537381,3,3
37,37.5,273.3537381,278.6282979,3,1
37.5,38,278.6282979,283.9093716,3,1
38,39,283.9093716,294.4917293,2,1
39,40,294.4917293,305.1021474,2,8
40,41,305.1021474,315.7419621,3,11
41,41.5,315.7419621,321.0733107,3,14
41.5,42,321.0733107,326.4125096,2,3
42,43,326.4125096,337.1151261,2,4
43,44,337.1151261,347.8511479,3,5
44,45,347.8511479,358.6219111,3,3
45,46,358.6219111,369.428752,3,3
46,47,369.428752,380.2730068,3,1
47,47.5,380.2730068,385.7095819,3,2
47.5,48,385.7095819,391.1560116,3,1
48,49,391.1560116,402.0791027,3,1
49,50,402.0791027,413.0436164,3,0
50,50.5,413.0436164,418.5418242,3,3
50.5,51,418.5418242,424.0508887,3,3
51,51.5,424.0508887,429.5709769,3,3
51.5,52,429.5709769,435.1022559,2.5,1
52,53,435.1022559,446.1990543,3,3
53,54,446.1990543,457.34262,3,1
54,55,457.34262,468.5342892,3,4
55,56,468.5342892,479.7753982,2.5,5
56,57,479.7753982,491.0672832,3,5
57,57.5,491.0672832,496.7326842,3,0
57.5,58,496.7326842,502.4112803,3,3
58,58.5,502.4112803,508.1032385,3,1
58.5,59,508.1032385,513.8087258,3,3
59,60,513.8087258,525.2609559,2,1
60,61,525.2609559,536.7693069,3,2
61,61.5,536.7693069,542.5449452,3,2
61.5,62,542.5449452,548.3351148,3,1
62,62.5,548.3351148,554.1399827,3,0
62.5,63,554.1399827,559.9597159,3,0
63,63.5,559.9597159,565.7944815,3,0
63.5,64,565.7944815,571.6444465,3,1
64,64.5,571.6444465,577.5097779,3,4
64.5,65,577.5097779,583.3906427,3,1
65,65.5,583.3906427,589.287208,3,5
65.5,66,589.287208,595.1996408,3,0
66,66.5,595.1996408,601.1281081,3,2
66.5,67,601.1281081,607.0727769,NA,NA
67,67.5,607.0727769,613.0338143,3,3
67.5,68,613.0338143,619.0113873,3,4
68,68.5,619.0113873,625.0056629,3,1
68.5,69,625.0056629,631.0168081,3,0
69,69.5,631.0168081,637.0449901,3,0
69.5,70,637.0449901,643.0903757,3,0
70,70.5,643.0903757,649.153132,3,0
70.5,71,649.153132,655.2334261,3,0
71,71.5,655.2334261,661.331425,3,0
71.5,72,661.331425,667.4472957,NA,NA
72,73,667.4472957,679.7333206,3,7
73,74,679.7333206,692.092837,3,7
74,74.5,692.092837,698.3005721,3,4
74.5,75,698.3005721,704.5271811,3,4
75,76,704.5271811,717.0376892,3,0
76,77,717.0376892,729.6256974,0.5,0
77,78,729.6256974,742.2925421,3,0
78,78.5,742.2925421,748.6559456,2,1
78.5,79,748.6559456,755.0395592,3,1
79,79.5,755.0395592,761.4435501,1,1
79.5,80.5,761.4435501,774.3133315,1,0
80.5,81.5,774.3133315,787.2666261,3,2
81.5,82.5,787.2666261,800.3047699,3,0
82.5,83,800.3047699,806.8560779,3,2
83,83.5,806.8560779,813.4290992,1.5,2
83.5,84.5,813.4290992,826.6409503,3,3
84.5,85.5,826.6409503,839.9416593,3,2
85.5,86,839.9416593,846.6257531,3,4
86,86.5,846.6257531,853.3325625,0.5,0
86.5,87,853.3325625,860.0621867,NA,NA
87,87.5,860.0621867,866.8144544,2,1
87.5,88.5,866.8144544,880.3859628,3,0
88.5,89,880.3859628,887.2047252,3,3
89,89.5,887.2047252,894.0451741,1.5,0
89.5,90.5,894.0451741,907.7901746,1.5,0
90.5,91.5,907.7901746,921.6190504,3,0
91.5,92,921.6190504,928.5643435,3,6
92,92.5,928.5643435,935.5298878,2,4
92.5,93,935.5298878,942.515444,3,4
93,93.5,942.515444,949.5207731,1,1
93.5,94.5,949.5207731,963.5897924,3,28
94.5,95.5,963.5897924,977.7350322,3,34
95.5,96,977.7350322,984.8356367,3,15
96,96.5,984.8356367,991.9545786,0.5,0
96.5,97,991.9545786,999.0916187,NA,NA
97,97.5,999.0916187,1006.246518,2,4
97.5,98.5,1006.246518,1020.608936,3,5
98.5,99,1020.608936,1027.815977,3,10
99,99.5,1027.815977,1035.03992,3,1
99.5,100.5,1035.03992,1049.537555,2.5,0
100.5,101.5,1049.537555,1064.099929,3,2
101.5,102.5,1064.099929,1078.725126,3,7
102.5,103,1078.725126,1086.060686,3,8
103,103.5,1086.060686,1093.411234,3,2
103.5,104,1093.411234,1100.776531,3,10
104,104.5,1100.776531,1108.156338,1,2
104.5,105.5,1108.156338,1122.958525,3,2
105.5,106.5,1122.958525,1137.815882,3,32
106.5,107.5,1137.815882,1152.726494,3,4
107.5,108.5,1152.726494,1167.688447,3,8
108.5,109.5,1167.688447,1182.699829,3,14
109.5,110,1182.699829,1190.223457,3,6
110,110.5,1190.223457,1197.758724,2,4
110.5,111,1197.758724,1205.305392,3,6
111,111.5,1205.305392,1212.86322,3,5
111.5,112,1212.86322,1220.43197,3,7
112,112.5,1220.43197,1228.011402,3,8
112.5,113.5,1228.011402,1243.201358,3,8
113.5,114.5,1243.201358,1258.431173,3,10
114.5,115.5,1258.431173,1273.698933,3,11
115.5,116.5,1273.698933,1289.003947,3,1
116.5,117.5,1289.003947,1304.350412,3,0
117.5,118,1304.350412,1312.040883,3,0
118,118.5,1312.040883,1319.74375,3,1
118.5,119,1319.74375,1327.459689,3,3
119,119.5,1327.459689,1335.189379,3,2
119.5,120,1335.189379,1342.933498,3,2
120,120.5,1342.933498,1350.692721,2.5,0
120.5,121,1350.692721,1358.467728,3,0
121,121.5,1358.467728,1366.259195,3,0
121.5,122,1366.259195,1374.0678,3,4
122,122.5,1374.0678,1381.894221,3,0
122.5,123,1381.894221,1389.739135,3,0
123,123.5,1389.739135,1397.60322,3,3
123.5,124,1397.60322,1405.487153,3,5
124,124.5,1405.487153,1413.391611,3,7
124.5,125,1413.391611,1421.317273,3,5
125,125.5,1421.317273,1429.264815,3,6
125.5,126,1429.264815,1437.234915,3,3
126,126.5,1437.234915,1445.228251,3,3
126.5,127,1445.228251,1453.245501,3,1
127,127.5,1453.245501,1461.287341,3,0
127.5,128,1461.287341,1469.354449,3,2
128,128.5,1469.354449,1477.447503,2,1
128.5,129.5,1477.447503,1493.714159,3,2
129.5,130,1493.714159,1501.889115,NA,NA
130,130.5,1501.889115,1510.092728,3,1
130.5,131,1510.092728,1518.325673,3,1
131,131.5,1518.325673,1526.58863,1.5,0
131.5,132.5,1526.58863,1543.207285,3,0
132.5,133.5,1543.207285,1559.954114,3,0
133.5,134,1559.954114,1568.377287,3,1
134,134.5,1568.377287,1576.834537,3,5
134.5,135,1576.834537,1585.326539,3,9
135,135.5,1585.326539,1593.853973,1,5
135.5,136.5,1593.853973,1611.017843,3,8
136.5,137.5,1611.017843,1628.331568,3,4
137.5,138,1628.331568,1637.046319,3,6
138,138.5,1637.046319,1645.800566,1.5,2
138.5,139.5,1645.800566,1663.430258,3,2
139.5,140.5,1663.430258,1681.226065,3,5
140.5,141,1681.226065,1690.187955,3,4
141,141.5,1690.187955,1699.193373,3,3
141.5,142,1699.193373,1708.242197,3,3
142,142.5,1708.242197,1717.33354,3,3
142.5,143,1717.33354,1726.466482,3,2
143,143.5,1726.466482,1735.640102,1.5,0
143.5,144.5,1735.640102,1754.105692,3,2
144.5,145,1754.105692,1763.395822,3,0
145,145.5,1763.395822,1772.722948,1,0
145.5,146,1772.722948,1782.086149,3,1
146,146.5,1782.086149,1791.484504,3,0
146.5,147,1791.484504,1800.917094,3,0
147,147.5,1800.917094,1810.382997,3,3
147.5,148,1810.382997,1819.881293,3,3
148,148.5,1819.881293,1829.411061,3,1
148.5,149,1829.411061,1838.971381,3,2
149,149.5,1838.971381,1848.561332,2,0
149.5,150.5,1848.561332,1867.826446,3,0
150.5,151.5,1867.826446,1887.199038,3,1
151.5,152.5,1887.199038,1906.671743,3,4
152.5,153,1906.671743,1916.443337,3,3
153,153.5,1916.443337,1926.237198,3,2
153.5,154,1926.237198,1936.052406,3,0
154,154.5,1936.052406,1945.888038,1,0
154.5,155.5,1945.888038,1965.616899,3,2
155.5,156,1965.616899,1975.508285,3,18
156,156.5,1975.508285,1985.416415,3,3
156.5,157,1985.416415,1995.340367,3,13
157,157.5,1995.340367,2005.279222,3,13
157.5,158,2005.279222,2015.232059,3,10
158,158.5,2015.232059,2025.197957,3,8
158.5,159,2025.197957,2035.175995,3,5
159,159.5,2035.175995,2045.165254,3,5
159.5,160,2045.165254,2055.164812,3,0
160,160.5,2055.164812,2065.173749,3,2
160.5,161,2065.173749,2075.191145,3,3
161,161.5,2075.191145,2085.216078,NA,NA
161.5,162.5,2085.216078,2105.284876,3,2
162.5,163,2105.284876,2115.326899,3,1
163,163.5,2115.326899,2125.372779,3,0
163.5,164.5,2125.372779,2145.472421,3,5
164.5,165,2145.472421,2155.524344,3,3
165,165.5,2155.524344,2165.57644,3,1
165.5,166,2165.57644,2175.627789,3,8
166,166.5,2175.627789,2185.67747,3,7
166.5,167,2185.67747,2195.724563,3,2
167,167.5,2195.724563,2205.768146,3,4
167.5,168,2205.768146,2215.807301,3,3
168,168.5,2215.807301,2225.841105,3,5
168.5,169,2225.841105,2235.868639,3,3
169,169.5,2235.868639,2245.888982,0.5,1
169.5,170.5,2245.888982,2265.904413,3,0
170.5,171,2265.904413,2275.897659,3,1
171,171.5,2275.897659,2285.880032,2,1
171.5,172.5,2285.880032,2305.808476,3,5
172.5,173,2305.808476,2315.752706,3,8
173,173.5,2315.752706,2325.68238,2,2
173.5,174.5,2325.68238,2345.494379,3,3
174.5,175.5,2345.494379,2365.23711,3,3
175.5,176.5,2365.23711,2384.90323,3,14
176.5,177,2384.90323,2394.705839,3,3
177,177.5,2394.705839,2404.488188,3,6
177.5,178,2404.488188,2414.250461,3,15
178,178.5,2414.250461,2423.992845,3,6
178.5,179,2423.992845,2433.715526,3,4
179,179.5,2433.715526,2443.418688,3,4
179.5,180,2443.418688,2453.102519,3,1
180,180.5,2453.102519,2462.767202,1.5,0
180.5,181.5,2462.767202,2482.039873,3,12
181.5,182,2482.039873,2491.648232,3,7
182,182.5,2491.648232,2501.238186,2,2
182.5,183,2501.238186,2510.809922,3,2
183,183.5,2510.809922,2520.363626,3,8
183.5,184,2520.363626,2529.899483,3,17
184,184.5,2529.899483,2539.417679,3,14
184.5,185,2539.417679,2548.9184,3,28
185,185.5,2548.9184,2558.401831,3,7
185.5,186,2558.401831,2567.868158,3,10
186,186.5,2567.868158,2577.317567,2,2
186.5,187,2577.317567,2586.750243,3,2
187,187.5,2586.750243,2596.166372,2,2
187.5,188.5,2596.166372,2614.949731,3,5
188.5,189,2614.949731,2624.317334,2,4
189,189.5,2624.317334,2633.669131,3,2
189.5,190,2633.669131,2643.005311,2,4
190,190.5,2643.005311,2652.326057,3,16
190.5,191,2652.326057,2661.631557,3,15
191,191.5,2661.631557,2670.921994,3,27
191.5,192,2670.921994,2680.197556,3,6
192,192.5,2680.197556,2689.458428,3,17
192.5,193,2689.458428,2698.704796,3,21
193,193.5,2698.704796,2707.936844,2,14
193.5,194,2707.936844,2717.15476,2,4
194,194.5,2717.15476,2726.358728,2,6
194.5,195,2726.358728,2735.548934,3,8
195,195.5,2735.548934,2744.725565,2,1
195.5,196,2744.725565,2753.888804,3,3
196,196.5,2753.888804,2763.03884,3,4
196.5,197,2763.03884,2772.175856,3,2
197,197.5,2772.175856,2781.300039,3,1
197.5,198,2781.300039,2790.411575,3,5
198,198.5,2790.411575,2799.510648,2.5,5
198.5,199,2799.510648,2808.597445,3,17
199,199.5,2808.597445,2817.672152,3,5
199.5,200,2817.672152,2826.734954,3,19
200,200.5,2826.734954,2835.786036,3,4
200.5,201,2835.786036,2844.825585,3,8
201,201.5,2844.825585,2853.853787,2,0
201.5,202,2853.853787,2862.870826,2.5,1
202,202.5,2862.870826,2871.876888,2.5,1
202.5,203,2871.876888,2880.87216,2,1
203,203.5,2880.87216,2889.856827,3,5
203.5,204,2889.856827,2898.831074,3,1
204,204.5,2898.831074,2907.795088,3,0
204.5,205,2907.795088,2916.749053,3,4
205,205.5,2916.749053,2925.693156,3,1
205.5,206,2925.693156,2934.627583,3,2
206,206.5,2934.627583,2943.552518,3,4
206.5,207,2943.552518,2952.468148,3,4
207,207.5,2952.468148,2961.374659,3,9
207.5,208,2961.374659,2970.272235,3,6
208,208.5,2970.272235,2979.161064,2.5,6
208.5,209,2979.161064,2988.041329,3,4
209,209.5,2988.041329,2996.913218,3,19
209.5,210,2996.913218,3005.776916,3,5
210,210.5,3005.776916,3014.632608,3,10
210.5,211,3014.632608,3023.48048,3,7
211,211.5,3023.48048,3032.320718,3,11
211.5,212,3032.320718,3041.153508,3,6
212,212.5,3041.153508,3049.979021,3,4
212.5,213,3049.979021,3058.797126,3,6
213,213.5,3058.797126,3067.607386,3,7
213.5,214,3067.607386,3076.40935,3,7
214,214.5,3076.40935,3085.202568,1,3
214.5,215,3085.202568,3093.986589,3,5
215,215.5,3093.986589,3102.760963,0.5,0
215.5,216,3102.760963,3111.525241,2,1
216,216.5,3111.525241,3120.278971,2,4
216.5,217,3120.278971,3129.021703,2,7
217,217.5,3129.021703,3137.752987,1.5,3
217.5,218,3137.752987,3146.472372,2.5,3
218,218.5,3146.472372,3155.179409,3,7
218.5,219,3155.179409,3163.873646,3,4
219,219.5,3163.873646,3172.554634,3,11
219.5,220,3172.554634,3181.221922,3,16
220,220.5,3181.221922,3189.87506,3,17
220.5,221,3189.87506,3198.513597,3,36
221,221.5,3198.513597,3207.137084,3,197
221.5,222,3207.137084,3215.74507,3,4
222,222.5,3215.74507,3224.337103,1,1
222.5,223,3224.337103,3232.912736,3,7
223,223.5,3232.912736,3241.471515,1.5,3
223.5,224,3241.471515,3250.012993,2,3
224,224.5,3250.012993,3258.536717,2,16
224.5,225,3258.536717,3267.042239,1,7
225,225.5,3267.042239,3275.529106,2.5,24
225.5,226,3275.529106,3283.99687,3,6
226,226.5,3283.99687,3292.44508,3,13
226.5,227,3292.44508,3300.873285,3,18
227,227.5,3300.873285,3309.281036,3,17
227.5,228,3309.281036,3317.667881,3,10
228,228.5,3317.667881,3326.03337,2.5,1
228.5,229,3326.03337,3334.377054,3,0
229,229.5,3334.377054,3342.698482,3,1
229.5,230,3342.698482,3350.997202,3,4
230,230.5,3350.997202,3359.272767,0.5,0
230.5,231,3359.272767,3367.524723,1.5,0
231,231.5,3367.524723,3375.752623,2,3
231.5,232,3375.752623,3383.956014,2,6
232,232.5,3383.956014,3392.134447,1,3
232.5,233,3392.134447,3400.287472,3,3
233,233.5,3400.287472,3408.414637,3,5
233.5,234,3408.414637,3416.515494,3,11
234,234.5,3416.515494,3424.589591,2,6
234.5,235,3424.589591,3432.636477,3,0
235,235.5,3432.636477,3440.655704,3,2
235.5,236,3440.655704,3448.64682,3,16
236,236.5,3448.64682,3456.609375,3,10
236.5,237,3456.609375,3464.542919,3,9
237,237.5,3464.542919,3472.447002,3,28
237.5,238,3472.447002,3480.321172,3,21
238,238.5,3480.321172,3488.16498,1,9
238.5,239,3488.16498,3495.978086,2,37
239,239.5,3495.978086,3503.760593,2,1
239.5,240,3503.760593,3511.512713,3,4
240,240.5,3511.512713,3519.234661,2,8
240.5,241,3519.234661,3526.926648,3,7
241,241.5,3526.926648,3534.588889,3,4
241.5,242,3534.588889,3542.221596,3,4
242,242.5,3542.221596,3549.824984,1,0
242.5,243,3549.824984,3557.399264,3,2
243,243.5,3557.399264,3564.94465,3,4
243.5,244,3564.94465,3572.461355,3,1
244,244.5,3572.461355,3579.949593,2,1
244.5,245,3579.949593,3587.409576,3,0
245,245.5,3587.409576,3594.841519,3,2
245.5,246,3594.841519,3602.245633,3,5
246,246.5,3602.245633,3609.622132,3,2
246.5,247,3609.622132,3616.97123,3,1
247,247.5,3616.97123,3624.29314,3,0
247.5,248,3624.29314,3631.588074,3,3
248,248.5,3631.588074,3638.856246,3,11
248.5,249,3638.856246,3646.097869,3,5
249,249.5,3646.097869,3653.313157,3,6
249.5,250,3653.313157,3660.502322,3,5
250,250.5,3660.502322,3667.665578,0.5,1
250.5,251,3667.665578,3674.803137,1.5,10
251,251.5,3674.803137,3681.915214,3,13
251.5,252,3681.915214,3689.002021,3,9
252,252.5,3689.002021,3696.063772,3,8
252.5,253,3696.063772,3703.100679,3,12
253,253.5,3703.100679,3710.112956,3,14
253.5,254,3710.112956,3717.100816,3,12
254,254.5,3717.100816,3724.064472,3,14
254.5,255,3724.064472,3731.004137,3,17
255,255.5,3731.004137,3737.920025,3,1
255.5,256,3737.920025,3744.812349,3,4
256,256.5,3744.812349,3751.681322,1,1
256.5,257.5,3751.681322,3765.350067,3,3
257.5,258,3765.350067,3772.150266,3,8
258,258.5,3772.150266,3778.927966,3,8
258.5,259,3778.927966,3785.683381,3,7
259,259.5,3785.683381,3792.416725,3,2
259.5,260,3792.416725,3799.128209,3,4
260,260.5,3799.128209,3805.818048,3,2
260.5,261,3805.818048,3812.486455,3,4
261,261.5,3812.486455,3819.133642,3,11
261.5,262,3819.133642,3825.759823,3,12
262,262.5,3825.759823,3832.365212,3,66
262.5,263,3832.365212,3838.950021,3,40
263,263.5,3838.950021,3845.514464,3,42
263.5,264,3845.514464,3852.058753,3,25
264,264.5,3852.058753,3858.583102,1.5,12
264.5,265,3858.583102,3865.087724,3,11
265,265.5,3865.087724,3871.572833,1.5,7
265.5,266,3871.572833,3878.038641,2.5,15
266,266.5,3878.038641,3884.485362,3,19
266.5,267,3884.485362,3890.913208,3,11
267,267.5,3890.913208,3897.32251,3,24
267.5,268,3897.32251,3903.71406,3,15
268,268.5,3903.71406,3910.088767,1,2
268.5,269,3910.088767,3916.447539,3,12
269,269.5,3916.447539,3922.791287,3,9
269.5,270,3922.791287,3929.120918,3,16
270,270.5,3929.120918,3935.437343,3,10
270.5,271,3935.437343,3941.741469,3,20
271,271.5,3941.741469,3948.034206,3,29
271.5,272,3948.034206,3954.316463,3,32
272,272.5,3954.316463,3960.589149,1,5
272.5,273,3960.589149,3966.853173,2.5,19
273,273.5,3966.853173,3973.109443,2.5,8
273.5,274,3973.109443,3979.358869,3,6
274,274.5,3979.358869,3985.60236,3,2
274.5,275,3985.60236,3991.840824,3,5
275,275.5,3991.840824,3998.075171,3,11
275.5,276,3998.075171,4004.30631,3,14
276,276.5,4004.30631,4010.535149,2,8
276.5,277,4010.535149,4016.762598,3,16
277,277.5,4016.762598,4022.989566,3,10
277.5,278,4022.989566,4029.216961,3,12
278,278.5,4029.216961,4035.445692,3,12
278.5,279,4035.445692,4041.676669,3,13
279,279.5,4041.676669,4047.9108,3,6
279.5,280,4047.9108,4054.148995,3,6
280,280.5,4054.148995,4060.392163,3,2
280.5,281,4060.392163,4066.641211,3,3
281,281.5,4066.641211,4072.89705,3,7
281.5,282,4072.89705,4079.160588,3,6
282,282.5,4079.160588,4085.432735,3,6
282.5,283,4085.432735,4091.714399,3,6
283,283.5,4091.714399,4098.006489,3,10
283.5,284,4098.006489,4104.309914,3,8
284,284.5,4104.309914,4110.625584,3,0
284.5,285,4110.625584,4116.954407,3,2
285,285.5,4116.954407,4123.297292,3,0
285.5,286,4123.297292,4129.655148,3,3
286,286.5,4129.655148,4136.028884,1,3
286.5,287,4136.028884,4142.419409,3,7
287,287.5,4142.419409,4148.827632,3,2
287.5,288,4148.827632,4155.254462,3,2
288,288.5,4155.254462,4161.700809,1.5,7
288.5,289,4161.700809,4168.16758,3,38
289,289.5,4168.16758,4174.655685,2,14
289.5,290,4174.655685,4181.166033,3,61
290,290.5,4181.166033,4187.699533,3,15
290.5,291,4187.699533,4194.257094,3,33
291,291.5,4194.257094,4200.839625,3,25
291.5,292,4200.839625,4207.448035,3,10
292,292.5,4207.448035,4214.083232,3,9
292.5,293,4214.083232,4220.746126,3,14
293,293.5,4220.746126,4227.437626,3,9
293.5,294,4227.437626,4234.158641,3,38
294,294.5,4234.158641,4240.910079,3,40
294.5,295,4240.910079,4247.69285,3,1
295,295.5,4247.69285,4254.507863,2,4
295.5,296.5,4254.507863,4268.238249,3,16
296.5,297,4268.238249,4275.155441,3,15
297,297.5,4275.155441,4282.10851,3,7
297.5,298,4282.10851,4289.098366,3,5
298,298.5,4289.098366,4296.125897,1,1
298.5,299,4296.125897,4303.191546,3,6
299,299.5,4303.191546,4310.295305,3,6
299.5,300,4310.295305,4317.437146,3,31
300,300.5,4317.437146,4324.617045,3,10
300.5,301,4324.617045,4331.834973,3,9
301,301.5,4331.834973,4339.090904,3,7
301.5,302,4339.090904,4346.384811,3,5
302,302.5,4346.384811,4353.716668,1.5,5
302.5,303.5,4353.716668,4368.494124,3,6
303.5,304,4368.494124,4375.939669,3,0
304,304.5,4375.939669,4383.423057,3,0
304.5,305,4383.423057,4390.94426,3,0
305,305.5,4390.94426,4398.503253,3,4
305.5,306,4398.503253,4406.100009,3,0
306,306.5,4406.100009,4413.7345,3,0
306.5,307.5,4413.7345,4429.116583,3,20
307.5,308,4429.116583,4436.864121,3,11
308,308.5,4436.864121,4444.649289,3,6
308.5,309,4444.649289,4452.472058,3,28
309,309.5,4452.472058,4460.332402,3,19
309.5,310,4460.332402,4468.230296,3,18
310,310.5,4468.230296,4476.165711,2,13
310.5,311,4476.165711,4484.138622,3,17
311,311.5,4484.138622,4492.149001,3,23
311.5,312,4492.149001,4500.196822,3,123
312,312.5,4500.196822,4508.282058,2,13
312.5,313,4508.282058,4516.404682,3,29
313,313.5,4516.404682,4524.564668,3,4
313.5,314,4524.564668,4532.761989,3,60
314,314.5,4532.761989,4540.996618,NA,NA
314.5,315.5,4540.996618,4557.577693,1.5,4
315.5,316.5,4557.577693,4574.307681,3,9
316.5,317,4574.307681,4582.72845,3,9
317,317.5,4582.72845,4591.186367,3,10
317.5,318,4591.186367,4599.681405,3,9
318,318.5,4599.681405,4608.213537,1,12
318.5,319.5,4608.213537,4625.388978,3,12
319.5,320.5,4625.388978,4642.712476,3,30
320.5,321,4642.712476,4651.429679,3,14
321,321.5,4651.429679,4660.183816,2,10
321.5,322,4660.183816,4668.974861,3,6
322,322.5,4668.974861,4677.802786,2,14
322.5,323,4677.802786,4686.667566,3,14
323,323.5,4686.667566,4695.569172,3,25
323.5,324,4695.569172,4704.507579,3,13
324,324.5,4704.507579,4713.482759,2,8
324.5,325,4713.482759,4722.494686,3,30
325,325.5,4722.494686,4731.543334,1,13
325.5,326.5,4731.543334,4749.750683,2,6
326.5,327.5,4749.750683,4768.104592,3,29
327.5,328.5,4768.104592,4786.604848,3,13
328.5,329,4786.604848,4795.909789,3,7
329,329.5,4795.909789,4805.251237,3,11
329.5,330,4805.251237,4814.629164,3,6
330,330.5,4814.629164,4824.043544,3,13
330.5,331,4824.043544,4833.49435,3,24
331,331.5,4833.49435,4842.981556,3,12
331.5,332,4842.981556,4852.505135,3,26
332,332.5,4852.505135,4862.06506,NA,NA
332.5,333,4862.06506,4871.661304,3,9
333,333.5,4871.661304,4881.293841,3,0
333.5,334,4881.293841,4890.962644,3,1
334,334.5,4890.962644,4900.667686,0.5,0
334.5,335.5,4900.667686,4920.186381,3,8
335.5,336.5,4920.186381,4939.849712,3,30
336.5,337.5,4939.849712,4959.657465,3,29
337.5,338,4959.657465,4969.615433,3,36
338,338.5,4969.615433,4979.609427,3,14
338.5,339,4979.609427,4989.639419,3,13
339,339.5,4989.639419,4999.705383,1,1
339.5,340,4999.705383,5009.807293,3,11
340,340.5,5009.807293,5019.945121,1,7
340.5,341.5,5019.945121,5040.328425,3,8
341.5,342,5040.328425,5050.573849,3,6
342,342.5,5050.573849,5060.855083,1.5,3
342.5,343.5,5060.855083,5081.524881,3,7
343.5,344,5081.524881,5091.91339,3,25
344,344.5,5091.91339,5102.337604,3,25
344.5,345,5102.337604,5112.797496,3,34
345,345.5,5112.797496,5123.293049,2.5,19
345.5,346,5123.293049,5133.824468,3,17
346,346.5,5133.824468,5144.392183,1,6
346.5,347.5,5144.392183,5165.638248,2.5,14
347.5,348.5,5165.638248,5187.034748,3,17
348.5,349,5187.034748,5197.790506,3,8
349,349.5,5197.790506,5208.585187,3,12
349.5,350,5208.585187,5219.419228,3,16
350,350.5,5219.419228,5230.293069,3,7
350.5,351,5230.293069,5241.207145,3,16
351,351.5,5241.207145,5252.161896,3,17
351.5,352,5252.161896,5263.15776,3,22
352,352.5,5263.15776,5274.195174,1,7
352.5,353,5274.195174,5285.274577,3,28
353,353.5,5285.274577,5296.396406,3,24
353.5,354,5296.396406,5307.5611,3,15
354,354.5,5307.5611,5318.769096,3,22
354.5,355,5318.769096,5330.020832,3,15
355,355.5,5330.020832,5341.316746,1,3
355.5,356.5,5341.316746,5364.042862,3,21
356.5,357.5,5364.042862,5386.950947,3,18
357.5,358.5,5386.950947,5410.044335,2,7
358.5,359,5410.044335,5421.66136,3,5
359,359.5,5421.66136,5433.325688,1.5,2
359.5,360.5,5433.325688,5456.797496,3,19
360.5,361,5456.797496,5468.6056,3,19
361,361.5,5468.6056,5480.462252,3,8
361.5,362,5480.462252,5492.367764,3,18
362,362.5,5492.367764,5504.322448,2.5,35
362.5,363,5504.322448,5516.326613,3,25
363,363.5,5516.326613,5528.380573,NA,NA
363.5,364,5528.380573,5540.484639,2,6
364,365,5540.484639,5564.844333,3,15
365,366,5564.844333,5589.408186,3,12
366,367,5589.408186,5614.178691,3,21
367,367.5,5614.178691,5626.642216,3,8
367.5,368,5626.642216,5639.158339,3,12
368,368.5,5639.158339,5651.72737,NA,NA
368.5,369,5651.72737,5664.349621,2,10
369,370,5664.349621,5689.75503,3,10
370,371,5689.75503,5715.377057,3,12
371,371.5,5715.377057,5728.27008,3,8
371.5,372,5728.27008,5741.218193,3,10
372,372.5,5741.218193,5754.221706,2,11
372.5,373,5754.221706,5767.28093,3,6
373,374,5767.28093,5793.56776,3,15
374,375,5793.56776,5820.081175,3,17
375,376,5820.081175,5846.823665,3,13
376,377,5846.823665,5873.797724,3,23
377,377.5,5873.797724,5887.372369,3,23
377.5,378,5887.372369,5901.005841,3,14
378,379,5901.005841,5928.450509,2,8
379,380,5928.450509,5956.13422,3,14
380,381,5956.13422,5984.059465,3,3
381,382,5984.059465,6012.228736,3,3
382,382.5,6012.228736,6026.40566,3,4
382.5,383,6026.40566,6040.644524,3,8
383,383.5,6040.644524,6054.945641,3,8
383.5,384,6054.945641,6069.309321,3,18
384,384.5,6069.309321,6083.735877,NA,NA
384.5,385,6083.735877,6098.225619,0.5,3
385,386,6098.225619,6127.395909,3,24
386,387,6127.395909,6156.822683,3,9
387,387.5,6156.822683,6171.63303,3,27
387.5,388,6171.63303,6186.508432,3,21
388,389,6186.508432,6216.455649,2.5,19
389,390,6216.455649,6246.666824,2,13
390,391,6246.666824,6277.14445,3,20
391,391.5,6277.14445,6292.48396,3,23
391.5,392,6292.48396,6307.891018,3,14
392,392.5,6307.891018,6323.365933,2.5,6
392.5,393,6323.365933,6338.909019,3,10
393,394,6338.909019,6370.200945,3,10
394,394.5,6370.200945,6385.950409,NA,NA
394.5,395,6385.950409,6401.769289,0.5,4
395,396,6401.769289,6433.616541,3,23
396,397,6433.616541,6465.745193,3,9
397,397.5,6465.745193,6481.915823,3,1
397.5,398,6481.915823,6498.157737,3,9
398,399,6498.157737,6530.856621,2,4
399,400,6530.856621,6563.8433,1,3
400,401,6563.8433,6597.118236,3,8
401,401.5,6597.118236,6613.863931,3,6
401.5,402,6613.863931,6630.681847,3,25
402,403,6630.681847,6664.534551,3,12
403,403.5,6664.534551,6681.569444,3,4
403.5,404,6681.569444,6698.676767,3,1
404,404.5,6698.676767,6715.856573,3,5
404.5,405,6715.856573,6733.108913,3,9
405,405.5,6733.108913,6750.433841,NA,NA
405.5,406,6750.433841,6767.831408,1,5
406,407,6767.831408,6802.844669,3,9
407,407.5,6802.844669,6820.460468,3,9
407.5,408,6820.460468,6838.149115,3,16
408,408.5,6838.149115,6855.910663,3,21
408.5,409,6855.910663,6873.745165,3,9
409,409.5,6873.745165,6891.652671,3,6
409.5,410,6891.652671,6909.633236,3,21
410,411,6909.633236,6945.813747,2.5,7
411,412,6945.813747,6982.287117,3,9
412,413,6982.287117,7019.053764,3,8
