cm,age,count,vol,acc,bkg,rsd,thr,pkBool,pkMCP,sni,sniSm
0,-52,0,0,0,0.2,-0.2,0,0,0,0.24,0.03
0,-37,0,0,0,0.2,-0.2,0,0,0,0.24,0.03
0,-22,0,0,0,0.2,-0.2,0,0,0,0.24,0.03
0,-7,0,0,0,0.2,-0.2,0,0,0,0.24,0.03
0,8,0,0,0,0.2,-0.2,0.1,0,0,0.24,0.03
0.68,23,34,2,0.1,0.2,0,0.1,0,0,0.24,0.03
1,38,51,3,0.3,0.2,0.1,0.1,1,1.243446099,0.24,0.03
1.4,53,30,3,0.2,0.2,0,0.1,0,0,0.24,0.03
1.5,68,25,3,0.2,0.2,0,0.1,0,0,0.24,0.03
1.96,83,14,3,0.1,0.2,-0.1,0.1,0,0,0.24,0.03
2.02,98,14,3,0.1,0.2,-0.1,0.1,0,0,0.24,0.03
2.5,113,26,3,0.2,0.2,0,0.1,0,0,0.24,0.03
2.58,128,26,3,0.2,0.2,0,0.1,0,0,0.24,0.03
3,143,28,3,0.2,0.2,0,0.1,0,0,0.24,0.03
3.14,158,31,3,0.2,0.2,0,0.1,0,0,0.24,0.03
3.5,173,38,3,0.2,0.2,0.1,0.1,0,0,0.24,0.03
3.7,188,48,3,0.3,0.2,0.1,0.1,0,0,0.24,0.03
4,203,63,3,0.4,0.2,0.2,0.1,0,0,0.24,0.89
4.27,218,50,3,0.3,0.2,0.1,0.1,1,2.820039467,0.24,0
4.5,233,39,3,0.2,0.2,0.1,0.1,0,0,0.24,0
4.83,248,21,3,0.1,0.2,-0.1,0.1,0,0,0.23,0.1
5,263,12,3,0.1,0.2,-0.1,0.1,0,0,0.23,0.32
5.39,278,32,3,0.2,0.2,0,0.1,0,0,0.22,0.52
5.5,293,37,3,0.2,0.2,0,0.1,0,0,0.22,0.73
5.95,308,53,3,0.3,0.2,0.1,0.1,1,0.008535929,0.22,0.02
6.02,323,54,3,0.3,0.2,0.1,0.1,0,0,0.22,0.17
6.5,338,29,3,0.2,0.2,0,0.1,0,0,0.23,0.97
6.58,353,31,3,0.2,0.2,0,0.1,0,0,0.24,0.24
7,368,43,3,0.3,0.2,0.1,0.1,0,0,0.25,0.17
7.14,383,38,3,0.2,0.2,0,0.1,0,0,0.27,0.22
7.5,398,27,3,0.2,0.2,0,0.1,0,0,0.29,0.37
7.71,413,25,3,0.2,0.2,0,0.1,0,0,0.31,0.24
8,428,22,3,0.1,0.2,-0.1,0.1,0,0,0.33,0.32
8.27,443,14,3,0.1,0.2,-0.1,0.1,0,0,0.35,0.19
8.5,458,8,3,0.1,0.2,-0.1,0.1,0,0,0.37,0.55
8.83,473,31,3,0.2,0.2,0,0.1,0,0,0.38,0.28
9,488,42,3,0.3,0.2,0.1,0.1,0,0,0.4,0.28
9.4,503,66,3,0.4,0.2,0.2,0.1,0,0,0.42,0.48
9.5,518,72,3,0.4,0.2,0.3,0.1,1,3.522045332,0.43,0.61
9.96,533,44,3,0.3,0.2,0.1,0.1,0,0,0.45,0.54
10.03,548,40,3,0.2,0.2,0.1,0.1,0,0,0.47,0.28
10.5,563,7,3,0,0.2,-0.1,0.1,0,0,0.48,0.49
10.6,578,8,3,0.1,0.2,-0.1,0.1,0,0,0.5,0.7
11,593,13,3,0.1,0.2,-0.1,0.1,0,0,0.52,0.68
11.16,608,23,3,0.1,0.1,0,0.1,0,0,0.54,0.63
11.5,623,43,3,0.3,0.1,0.1,0.1,0,0,0.55,0.51
11.73,638,52,3,0.3,0.1,0.2,0.1,0,0,0.56,0.32
12,653,62,3,0.4,0.1,0.3,0.1,0,0,0.57,0.49
12.3,668,52,3,0.3,0.1,0.2,0.1,0,0,0.57,0.48
12.5,683,46,3,0.3,0.1,0.2,0.1,1,8.430947919,0.57,0.25
12.87,698,17,3,0.1,0.1,0,0.1,0,0,0.56,0.29
13,713,7,3,0,0.1,-0.1,0.1,0,0,0.56,0.35
13.43,728,9,3,0.1,0.1,0,0.1,0,0,0.55,0.34
13.5,743,9,3,0.1,0.1,0,0.1,0,0,0.55,0.96
14,758,5,3,0,0.1,-0.1,0.1,0,0,0.54,0.95
14.07,773,5,3,0,0.1,-0.1,0.1,0,0,0.54,0.96
14.5,788,3,3,0,0.1,-0.1,0.1,0,0,0.55,0.38
14.65,803,2,3,0,0.1,-0.1,0.1,0,0,0.55,0.26
15,818,1,3,0,0.1,-0.1,0.1,0,0,0.56,0.36
15.22,833,15,3,0.1,0.1,0,0.1,0,0,0.57,0.84
15.5,848,33,3,0.2,0.1,0.1,0.1,0,0,0.58,0.62
15.5,863,33,3,0.2,0.1,0.1,0.1,0,0,0.59,0.1
15.5,878,33,3,0.2,0.1,0.1,0.1,1,3.246810512,0.6,0.94
16.23,893,16,3,0.1,0.1,0,0.1,0,0,0.6,0.15
16.5,908,9,3,0.1,0.1,0,0.1,0,0,0.61,0.95
16.94,923,8,3,0.1,0.1,0,0.1,0,0,0.62,0.94
17.01,938,8,3,0.1,0.1,0,0.1,0,0,0.62,0.95
17.5,953,4,3,0,0.1,0,0.1,0,0,0.64,0.62
17.59,968,5,3.3,0,0.1,0,0.1,0,0,0.65,0.47
18.06,983,27,5,0.1,0.1,0,0.1,0,0,0.66,0.33
18.33,998,71,5,0.3,0.1,0.2,0.1,0,0,0.68,0.46
18.6,1013,39,5,0.1,0.1,0.1,0.1,1,2.753635783,0.69,0.55
18.87,1028,19,4.5,0.1,0.1,0,0.1,0,0,0.7,0.59
19.14,1043,11,4.6,0,0.1,0,0.1,0,0,0.71,0.54
19.41,1058,11,4.4,0.1,0.1,0,0.1,0,0,0.72,0.75
19.68,1073,7,4.7,0,0.1,0,0.1,0,0,0.72,0.74
19.95,1088,7,5,0,0.1,0,0.1,0,0,0.73,0.69
20.22,1103,9,5,0,0.1,0,0.1,0,0,0.73,0.71
20.5,1118,17,5,0.1,0.1,0,0.1,0,0,0.73,0.82
20.78,1133,59,5,0.2,0.1,0.2,0.1,0,0,0.73,0.71
21.05,1148,59,4.8,0.2,0.1,0.2,0.1,0,0,0.72,0.81
21.32,1163,32,4.3,0.1,0.1,0.1,0.1,0,0,0.72,0.89
21.59,1178,34,4.3,0.1,0.1,0.1,0.1,1,4.392085038,0.72,0.89
21.86,1193,12,3,0.1,0.1,0,0.1,0,0,0.71,0.92
22.13,1208,13,3,0.1,0.1,0,0.1,0,0,0.7,0.02
22.4,1223,13,3,0.1,0.1,0,0.1,0,0,0.7,0.62
22.68,1238,7,3,0,0.1,0,0.1,0,0,0.69,0.95
22.95,1253,10,3,0.1,0.1,0,0.1,0,0,0.68,0.02
23.22,1268,8,3,0.1,0.1,0,0.1,0,0,0.68,0.92
23.27,1283,8,3,0.1,0.1,0,0.1,0,0,0.68,0.96
23.75,1298,4,3,0,0.1,0,0.1,0,0,0.68,0.8
23.86,1313,5,3,0,0.1,0,0.1,0,0,0.68,0.75
24.33,1328,12,3,0.1,0.1,0,0.1,0,0,0.69,0.66
24.6,1343,16,3,0.1,0.1,0,0.1,0,0,0.7,0.02
24.87,1358,7,3,0,0.1,0,0.1,0,0,0.71,0.65
25.14,1373,4,3,0,0.1,-0.1,0.1,0,0,0.72,0.02
25.42,1388,1,3,0,0.1,-0.1,0.1,0,0,0.72,0.58
25.69,1403,4,3,0,0.1,-0.1,0.1,0,0,0.73,0.56
25.75,1418,5,3,0,0.1,0,0.1,0,0,0.74,0.47
26.23,1433,36,3,0.2,0.1,0.2,0.1,1,1.040075698,0.75,0.52
26.53,1448,14,3,0.1,0.1,0,0.1,0,0,0.76,0.46
26.81,1463,6,3,0,0.1,0,0.1,0,0,0.78,0.55
27.08,1478,15,3,0.1,0.1,0,0.1,0,0,0.79,0.6
27.35,1493,37,3,0.2,0.1,0.2,0.1,0,0,0.8,0.51
27.63,1508,43,3,0.3,0.1,0.2,0.1,0,0,0.82,0.58
27.9,1523,54,3,0.3,0.1,0.3,0.1,0,0,0.83,0.45
28.18,1538,47,3,0.3,0.1,0.2,0.1,1,9.3832623,0.84,0.02
28.45,1553,13,3,0.1,0.1,0,0.1,0,0,0.85,0.37
28.73,1568,3,3,0,0.1,-0.1,0.1,0,0,0.86,0.36
29.03,1583,5,3,0,0.1,0,0.1,0,0,0.87,0.42
29.3,1598,6,3,0,0.1,0,0.1,0,0,0.87,0.54
29.58,1613,17,3,0.1,0.1,0,0.1,0,0,0.88,0.62
29.85,1628,14,3,0.1,0.1,0,0.1,0,0,0.88,0.54
30.13,1643,1,3,0,0.1,-0.1,0.1,0,0,0.89,0.6
30.4,1658,1,3,0,0.1,-0.1,0.1,0,0,0.89,0.6
30.68,1673,14,3,0.1,0.1,0,0.1,0,0,0.9,0.53
30.96,1688,80,3,0.5,0.1,0.4,0.1,0,0,0.9,0.73
31.24,1703,24,3,0.2,0.1,0.1,0.1,1,6.264143608,0.91,0.8
31.54,1718,16,3,0.1,0.1,0,0.1,0,0,0.92,0.75
31.81,1733,21,3,0.1,0.1,0.1,0.1,0,0,0.92,0.76
32.09,1748,33,3,0.2,0.1,0.1,0.1,1,1.457156845,0.93,0.74
32.37,1763,6,3,0,0.1,0,0.1,0,0,0.93,0.66
32.65,1778,5,3,0,0.1,0,0.1,0,0,0.93,0.47
32.92,1793,8,3,0.1,0.1,0,0.1,0,0,0.92,0.51
33.2,1808,13,3,0.1,0.1,0,0.1,0,0,0.92,0.56
33.48,1823,4,3,0,0.1,0,0.1,0,0,0.92,0.53
33.57,1838,3,3,0,0.1,0,0.1,0,0,0.92,0.57
34.06,1853,6,3,0,0.1,0,0.1,0,0,0.92,0.73
34.34,1868,9,3,0.1,0.1,0,0.1,0,0,0.92,0.92
34.62,1883,9,3,0.1,0.1,0,0.1,0,0,0.92,0.97
34.9,1898,13,3,0.1,0.1,0,0.1,0,0,0.91,0.92
35.18,1913,10,3,0.1,0.1,0,0.1,0,0,0.91,0.96
35.46,1928,4,3,0,0.1,0,0.1,0,0,0.9,0.92
35.76,1943,7,3,0.1,0.1,0,0.1,0,0,0.9,0.24
36.05,1958,44,3,0.3,0.1,0.2,0.1,0,0,0.89,0.94
36.33,1973,28,3,0.2,0.1,0.1,0.1,1,3.655991761,0.88,0.98
36.61,1988,4,3,0,0.1,0,0.1,0,0,0.87,0.97
36.89,2003,1,3,0,0.1,-0.1,0.1,0,0,0.86,0.98
37.17,2018,0,3,0,0.1,-0.1,0.1,0,0,0.85,0.98
37.45,2033,3,3,0,0.1,0,0.1,0,0,0.84,0.94
37.75,2048,31,3,0.2,0.1,0.1,0.1,0,0,0.83,0.94
38.05,2063,29,3,0.2,0.1,0.1,0.1,0,0,0.83,0.91
38.33,2078,45,3,0.3,0.1,0.2,0.1,0,0,0.82,0.97
38.61,2093,55,3,0.4,0.1,0.3,0.1,0,0,0.81,0.02
38.89,2108,29,3,0.2,0.1,0.1,0.1,1,11.09824494,0.8,0.96
39.17,2123,7,3,0.1,0.1,0,0.1,0,0,0.8,0.77
39.46,2138,7,3,0.1,0.1,0,0.1,0,0,0.8,0.77
39.76,2153,22,3,0.1,0.1,0.1,0.1,1,0.212407925,0.8,0.8
40.05,2168,10,3,0.1,0.1,0,0.1,0,0,0.8,0.01
40.34,2183,9,3,0.1,0.1,0,0.1,0,0,0.8,0.79
40.62,2198,24,3,0.2,0.1,0.1,0.1,1,0.360370343,0.8,0.9
40.9,2213,15,3,0.1,0.1,0,0.1,0,0,0.81,0.85
41.18,2228,5,3,0,0.1,0,0.1,0,0,0.81,0.7
41.47,2243,10,3,0.1,0.1,0,0.1,0,0,0.82,0.02
41.79,2258,5,3,0,0.1,0,0.1,0,0,0.83,0.74
42.07,2273,7,3,0,0.1,0,0.1,0,0,0.84,0.71
42.35,2288,16,3,0.1,0.1,0.1,0.1,0,0,0.85,0.71
42.64,2303,56,3,0.4,0.1,0.3,0.1,0,0,0.86,0.91
42.92,2318,35,3,0.2,0.1,0.2,0.1,1,5.851565438,0.87,0.94
43.21,2333,3,3,0,0.1,0,0.1,0,0,0.88,0.95
43.3,2348,1,3,0,0.1,0,0.1,0,0,0.88,0.33
43.81,2363,2,3,0,0.1,0,0.1,0,0,0.89,0.93
44.1,2378,1,3,0,0.1,0,0.1,0,0,0.9,0.98
44.25,2393,2,3,0,0.1,0,0.1,0,0,0.91,0.97
44.58,2408,21,3,0.1,0.1,0.1,0.1,1,0.507563196,0.91,0.98
44.95,2423,8,3,0.1,0.1,0,0.1,0,0,0.91,0.83
45.26,2438,10,3,0.1,0.1,0,0.1,0,0,0.91,0.88
45.56,2453,8,3,0.1,0,0,0.1,0,0,0.9,0.94
45.85,2468,7,3,0.1,0,0,0.1,0,0,0.89,0.79
46.13,2483,1,3,0,0,0,0.1,0,0,0.88,0.94
46.25,2498,1,3,0,0,0,0.1,0,0,0.87,0.88
46.66,2513,5,3,0,0,0,0.1,0,0,0.86,0.9
47.02,2528,6,3,0,0,0,0.1,0,0,0.85,0.74
47.32,2543,11,3,0.1,0,0,0.1,0,0,0.84,0.71
47.6,2558,14,3,0.1,0,0.1,0.1,0,0,0.83,0.9
47.89,2573,4,3,0,0,0,0.1,0,0,0.83,0.86
48.18,2588,6,3,0,0,0,0.1,0,0,0.82,0.89
48.47,2603,15,3,0.1,0,0.1,0.1,0,0,0.82,0.83
48.79,2618,32,3,0.2,0,0.2,0.1,1,1.373115219,0.82,0.81
49.08,2633,2,3,0,0,0,0.1,0,0,0.82,0.02
49.37,2648,6,3,0,0,0,0.1,0,0,0.82,0.02
49.66,2663,5,3,0,0,0,0.1,0,0,0.82,0.92
49.75,2678,2,3,0,0,0,0.1,0,0,0.82,0.92
50.24,2693,4,3,0,0,0,0.1,0,0,0.83,0.86
50.56,2708,11,3,0.1,0,0,0.1,0,0,0.83,0.78
50.85,2723,24,3,0.2,0,0.1,0.1,1,0.674685615,0.84,0.87
51.14,2738,13,3,0.1,0,0,0.1,0,0,0.85,0.85
51.43,2753,5,3,0,0,0,0.1,0,0,0.86,0.73
51.73,2768,14,3,0.1,0,0.1,0.1,0,0,0.87,0.67
52.05,2783,9,3,0.1,0,0,0.1,0,0,0.88,0.64
52.34,2798,5,3,0,0,0,0.1,0,0,0.89,0.69
52.63,2813,8,3,0.1,0,0,0.1,0,0,0.9,0.74
52.92,2828,11,3,0.1,0,0,0.1,0,0,0.91,0.69
53.21,2843,51,3,0.3,0,0.3,0.1,0,0,0.92,0.86
53.54,2858,46,3,0.3,0.1,0.3,0.1,1,7.159753516,0.93,0.87
53.83,2873,1,3,0,0.1,0,0.1,0,0,0.93,0.93
54.12,2888,1,3,0,0.1,0,0.1,0,0,0.93,0.85
54.41,2903,2,3,0,0.1,0,0.1,0,0,0.93,0.73
54.7,2918,8,3,0.1,0.1,0,0.1,0,0,0.93,0.67
55.03,2933,7,3,0,0.1,0,0.1,0,0,0.94,0.82
55.33,2948,8,3,0.1,0.1,0,0.1,0,0,0.94,0.91
55.62,2963,5,3,0,0.1,0,0.1,0,0,0.94,0.98
55.91,2978,5,3,0,0.1,0,0.1,0,0,0.93,0.98
56.2,2993,9,3,0.1,0.1,0,0.1,0,0,0.93,0.96
56.53,3008,6,3,0,0,0,0,0,0,0.93,0.95
56.83,3023,3,3,0,0,0,0,0,0,0.93,0.97
57.12,3038,5,3,0,0,0,0,0,0,0.93,0.95
57.41,3053,4,3,0,0,0,0,0,0,0.93,0.97
57.7,3068,21,3,0.1,0,0.1,0,0,0,0.92,0.99
58.04,3083,35,3,0.2,0,0.2,0,0,0,0.92,0.99
58.33,3098,21,3,0.1,0,0.1,0,1,4.601110248,0.92,0.13
58.63,3113,12,3,0.1,0,0,0,0,0,0.92,0.96
58.92,3128,8,3,0.1,0,0,0,0,0,0.92,0.72
59.21,3143,2,3,0,0,0,0,0,0,0.91,0.65
59.55,3158,4,3,0,0,0,0,0,0,0.91,0.68
59.84,3173,7,3,0.1,0,0,0,0,0,0.91,0.67
60.13,3188,16,3,0.1,0,0.1,0,0,0,0.9,0.67
60.43,3203,21,3,0.1,0,0.1,0,1,1.852546034,0.9,0.61
60.73,3218,6,3,0,0,0,0,0,0,0.89,0.86
61.06,3233,0,3,0,0,0,0,0,0,0.88,0.88
61.25,3248,0,3,0,0,0,0,0,0,0.87,0.87
61.54,3263,3,3,0,0,0,0,0,0,0.86,0.88
61.94,3278,1,3,0,0,0,0,0,0,0.85,0.86
62.26,3293,13,3,0.1,0,0.1,0,1,0.426352956,0.84,0.75
62.57,3308,9,3,0.1,0,0,0,0,0,0.83,0.76
62.86,3323,12,3,0.1,0,0.1,0,1,0.299483944,0.82,0.64
63.16,3338,6,3,0,0,0,0,0,0,0.81,0.74
63.45,3353,0,3,0,0,0,0,0,0,0.81,0.84
63.79,3368,1,3,0,0,0,0,0,0,0.8,0.36
64,3383,3,3,0,0,0,0,0,0,0.79,0.58
64.26,3398,6,3,0,0,0,0,0,0,0.78,0.49
64.68,3413,3,3,0,0,0,0,0,0,0.77,0.46
64.98,3428,1,3,0,0,0,0,0,0,0.77,0.68
65.31,3443,1,3,0,0,0,0,0,0,0.76,0.49
65.6,3458,4,3,0,0,0,0,0,0,0.75,0.68
65.9,3473,4,3,0,0,0,0,0,0,0.74,0.78
66.19,3488,3,3,0,0,0,0,0,0,0.74,0.67
66.52,3503,1,3,0,0,0,0,0,0,0.73,0.48
66.83,3518,8,3,0.1,0,0,0,0,0,0.73,0.91
67.12,3533,6,3,0,0,0,0,0,0,0.73,0.57
67.42,3548,7,3,0.1,0,0,0,0,0,0.73,1
67.72,3563,6,3,0,0,0,0,0,0,0.73,0.72
68.05,3578,8,3,0.1,0,0,0,0,0,0.74,0.87
68.35,3593,4,3,0,0,0,0,0,0,0.74,0.99
68.64,3608,0,3,0,0.1,-0.1,0.1,0,0,0.74,0.74
68.75,3623,0,3,0,0.1,-0.1,0.1,0,0,0.74,0.91
69.24,3638,14,3,0.1,0.1,0.1,0.1,0,0,0.74,0.05
69.57,3653,17,3,0.1,0.1,0.1,0.1,0,0,0.74,0.83
69.87,3668,16,3,0.1,0.1,0.1,0.1,0,0,0.73,1
70.16,3683,30,3,0.2,0.1,0.2,0.1,1,1.957599465,0.73,0.88
70.46,3698,15,3,0.1,0.1,0.1,0.1,0,0,0.72,1
70.8,3713,5,3,0,0.1,0,0.1,0,0,0.71,0.99
71.09,3728,8,3,0.1,0.1,0,0.1,0,0,0.71,0.99
71.39,3743,10,3,0.1,0.1,0,0.1,0,0,0.71,0.89
71.68,3758,10,3,0.1,0.1,0,0.1,0,0,0.71,0.98
72,3773,21,3,0.2,0.1,0.1,0.1,1,0.337983982,0.71,0.91
72.32,3788,13,3,0.1,0.1,0,0.1,0,0,0.72,0.95
72.61,3803,15,3,0.1,0.1,0,0.1,0,0,0.72,0.53
72.91,3818,6,3,0,0.1,0,0.1,0,0,0.73,0.65
73.2,3833,32,3,0.2,0.1,0.2,0.1,1,1.35228866,0.74,0.55
73.54,3848,14,3,0.1,0.1,0,0.1,0,0,0.75,0.57
73.84,3863,10,3,0.1,0.1,0,0.1,0,0,0.76,0.24
74.13,3878,12,3,0.1,0.1,0,0.1,0,0,0.77,0.32
74.43,3893,7,3,0.1,0.1,0,0.1,0,0,0.78,0.33
74.74,3908,3,3,0,0.1,0,0.1,0,0,0.79,0.73
75.06,3923,8,3,0.1,0.1,0,0.1,0,0,0.8,0.74
75.36,3938,40,3,0.3,0.1,0.2,0.1,0,0,0.82,0.72
75.65,3953,26,3,0.2,0.1,0.1,0.1,1,3.464473848,0.83,0.48
75.95,3968,3,3,0,0.1,0,0.1,0,0,0.85,0.65
76.28,3983,13,3,0.1,0.1,0,0.1,0,0,0.87,0.67
76.58,3998,6,3,0,0.1,0,0,0,0,0.89,0.54
76.88,4013,5,3,0,0.1,0,0,0,0,0.91,0.51
77.17,4028,2,3,0,0.1,0,0,0,0,0.92,0.36
77.48,4043,7,3,0,0.1,0,0,0,0,0.94,0.36
77.81,4058,14,3,0.1,0.1,0.1,0,0,0,0.95,0.94
78.1,4073,20,3,0.1,0.1,0.1,0,0,0,0.96,0.87
78.4,4088,15,3,0.1,0.1,0.1,0,1,1.882369763,0.97,0.85
78.69,4103,3,3,0,0,0,0,0,0,0.97,0.89
78.82,4118,2,3,0,0,0,0,0,0,0.98,0.85
79.33,4133,2,3,0,0,0,0,0,0,0.98,0.96
79.62,4148,2,3,0,0,0,0,0,0,0.98,0.92
79.92,4163,3,3,0,0,0,0,0,0,0.98,0.84
80.22,4178,4,3,0,0,0,0,0,0,0.98,0.81
80.55,4193,51,3,0.3,0,0.3,0,0,0,0.98,0.9
80.85,4208,59,3,0.4,0,0.4,0,1,10.42429372,0.98,0.83
81.14,4223,4,3,0,0,0,0,0,0,0.99,0.91
81.44,4238,23,3,0.2,0,0.1,0,0,0,0.98,0.77
81.76,4253,25,3,0.2,0,0.1,0,1,3.710406359,0.98,0.84
82.07,4268,3,3,0,0,0,0,0,0,0.98,0.72
82.37,4283,3,3,0,0,0,0,0,0,0.97,0.73
82.66,4298,5,3,0,0,0,0,0,0,0.97,0.7
82.95,4313,5,3,0,0,0,0,0,0,0.96,0.67
83.29,4328,1,3,0,0,0,0,0,0,0.96,0.66
83.59,4343,3,3,0,0,0,0,0,0,0.95,0.66
83.88,4358,3,3,0,0.1,0,0,0,0,0.95,0.65
84.18,4373,3,3,0,0.1,0,0,0,0,0.94,0.79
84.47,4388,20,3,0.1,0.1,0.1,0,0,0,0.94,0.82
84.62,4403,25,3,0.2,0.1,0.1,0,0,0,0.93,0.97
85.1,4418,26,3,0.2,0.1,0.1,0,1,3.934819156,0.92,0.99
85.4,4433,13,3,0.1,0.1,0,0,0,0,0.91,0.99
85.69,4448,4,3,0,0.1,0,0,0,0,0.9,0.08
86.02,4463,9,3,0.1,0.1,0,0,0,0,0.89,0.04
86.32,4478,1,3,0,0.1,-0.1,0,0,0,0.88,0.9
86.62,4493,5,3,0,0.1,0,0.1,0,0,0.86,0.85
86.91,4508,7,3,0.1,0.1,0,0.1,0,0,0.85,0.88
87.21,4523,8,3,0.1,0.1,0,0.1,0,0,0.84,0.87
87.34,4538,10,3,0.1,0.1,0,0.1,0,0,0.84,0.86
87.84,4553,22,3,0.1,0.1,0.1,0.1,0,0,0.83,0.84
88.13,4568,36,3,0.2,0.1,0.2,0.1,0,0,0.82,0.91
88.42,4583,47,3,0.3,0.1,0.3,0.1,0,0,0.82,0.82
88.73,4598,28,3,0.2,0.1,0.1,0.1,1,7.881703631,0.81,0.08
89.06,4613,15,3,0.1,0.1,0,0.1,0,0,0.81,0.89
89.35,4628,9,3,0.1,0.1,0,0.1,0,0,0.8,0.93
89.64,4643,9,3,0.1,0.1,0,0.1,0,0,0.79,0.36
89.94,4658,2,3,0,0.1,-0.1,0.1,0,0,0.79,0.36
90.25,4673,6,3,0,0.1,0,0.1,0,0,0.78,0.38
90.57,4688,17,3,0.1,0.1,0.1,0.1,0,0,0.77,0.62
90.86,4703,28,3,0.2,0.1,0.1,0.1,1,1.012556994,0.77,0.8
91.15,4718,6,3,0,0.1,0,0.1,0,0,0.77,0.68
91.44,4733,9,3,0.1,0.1,0,0.1,0,0,0.77,0.8
91.77,4748,20,3,0.1,0.1,0.1,0.1,0,0,0.78,0.87
92.07,4763,36,3,0.2,0.1,0.2,0.1,1,2.315928974,0.78,0.77
92.37,4778,14,3,0.1,0.1,0,0.1,0,0,0.79,0.1
92.66,4793,2,3,0,0.1,0,0.1,0,0,0.79,0.73
92.95,4808,3,3,0,0.1,0,0.1,0,0,0.79,0.74
93.28,4823,14,3,0.1,0.1,0,0.1,0,0,0.79,0.67
93.58,4838,9,3,0.1,0.1,0,0.1,0,0,0.79,0.44
93.87,4853,4,3,0,0.1,0,0.1,0,0,0.79,0.88
94.16,4868,2,3,0,0.1,0,0.1,0,0,0.79,0.65
94.46,4883,5,3,0,0.1,0,0.1,0,0,0.79,0.56
94.79,4898,13,3,0.1,0.1,0,0.1,0,0,0.79,0.9
95.08,4913,4,3,0,0.1,0,0.1,0,0,0.78,0.6
95.38,4928,3,3,0,0.1,0,0.1,0,0,0.78,0.86
95.67,4943,7,3,0.1,0,0,0.1,0,0,0.78,0.89
95.96,4958,10,3,0.1,0,0,0.1,0,0,0.78,0.73
96.29,4973,16,3,0.1,0,0.1,0,1,0.310763181,0.78,0.77
96.58,4988,6,3,0,0,0,0,0,0,0.77,0.73
96.88,5003,6,3,0,0,0,0,0,0,0.77,0.84
97.17,5018,10,3,0.1,0,0,0,0,0,0.76,0.7
97.46,5033,6,3,0,0,0,0,0,0,0.76,0.38
97.79,5048,1,3,0,0,0,0,0,0,0.76,0.56
98.08,5063,4,3,0,0,0,0,0,0,0.75,0.27
98.37,5078,6,3,0,0,0,0,0,0,0.75,0.28
98.67,5093,3,3,0,0,0,0,0,0,0.75,0.41
98.96,5108,18,3,0.1,0,0.1,0,1,0.615877712,0.75,0.34
99.29,5123,6,3,0,0,0,0,0,0,0.75,0.33
99.58,5138,3,3,0,0,0,0,0,0,0.76,0.51
99.87,5153,8,3,0.1,0,0,0,0,0,0.76,0.4
100.16,5168,8,3,0.1,0,0,0,0,0,0.77,0.43
100.45,5183,9,3,0.1,0,0,0,0,0,0.78,0.44
100.77,5198,2,3,0,0,0,0,0,0,0.8,0.47
101.07,5213,8,3,0.1,0,0,0,0,0,0.81,0.48
101.25,5228,24,3,0.2,0,0.1,0,0,0,0.82,0.89
101.55,5243,12,3,0.1,0,0,0,0,0,0.84,0.6
101.94,5258,11,3,0.1,0,0,0,1,1.723605591,0.85,0.86
102.25,5273,5,3,0,0,0,0,0,0,0.87,0.79
102.56,5288,12,3,0.1,0,0.1,0,0,0,0.88,0.82
102.85,5303,16,3,0.1,0,0.1,0,1,0.679254366,0.89,0.1
103.14,5318,7,3,0.1,0,0,0,0,0,0.9,0.44
103.43,5333,3,3,0,0,0,0,0,0,0.91,0.52
103.73,5348,1,3,0,0,0,0.1,0,0,0.92,0.31
104.05,5363,2,3,0,0,0,0.1,0,0,0.93,0.35
104.34,5378,5,3,0,0,0,0.1,0,0,0.94,0.5
104.63,5393,4,3,0,0,0,0.1,0,0,0.95,0.38
104.92,5408,1,3,0,0,0,0.1,0,0,0.96,0.43
105.21,5423,2,3,0,0,0,0.1,0,0,0.96,0.54
105.53,5438,0,3,0,0,0,0.1,0,0,0.96,0.47
105.82,5453,1,3,0,0,0,0.1,0,0,0.97,0.3
106.11,5468,2,3,0,0,0,0.1,0,0,0.97,0.25
106.4,5483,3,3,0,0,0,0.1,0,0,0.97,0.3
106.69,5498,7,3,0.1,0,0,0.1,0,0,0.97,0.15
106.99,5513,1,3,0,0,0,0.1,0,0,0.96,0.32
107.3,5528,0,2.2,0,0,0,0.1,0,0,0.96,0.23
107.59,5543,2,2.8,0,0,0,0.1,0,0,0.96,0.17
107.88,5558,58,2.8,0.4,0,0.4,0.1,0,0,0.96,0.07
108.16,5573,39,3,0.3,0,0.2,0.1,1,7.821863408,0.96,0.18
108.45,5588,1,3,0,0,0,0.1,0,0,0.96,0.58
108.76,5603,1,3,0,0,0,0.1,0,0,0.96,0.66
109.06,5618,4,3,0,0,0,0.1,0,0,0.97,0.44
109.35,5633,7,3,0.1,0,0,0.1,0,0,0.97,0
109.64,5648,9,2.7,0.1,0,0.1,0.1,0,0,0.96,0.35
109.92,5663,12,2.8,0.1,0,0.1,0.1,1,0.384892473,0.96,0.49
110.21,5678,2,1.7,0,0,0,0.1,0,0,0.96,0.61
110.53,5693,6,3,0,0,0,0.1,0,0,0.95,0.67
110.82,5708,9,3,0.1,0,0,0.1,0,0,0.95,0.55
111.11,5723,2,3,0,0,0,0.1,0,0,0.95,0.59
111.39,5738,3,3,0,0,0,0,0,0,0.94,0.02
111.68,5753,2,3,0,0,0,0,0,0,0.94,0.6
111.97,5768,1,3,0,0,0,0,0,0,0.94,0.99
112.29,5783,0,3,0,0,0,0,0,0,0.94,0.96
112.57,5798,3,3,0,0,0,0,0,0,0.94,0.91
112.86,5813,41,3,0.3,0,0.3,0,0,0,0.94,0.01
113.14,5828,42,3,0.3,0,0.3,0,1,6.934028094,0.94,0.01
113.43,5843,2,1.9,0,0,0,0,0,0,0.94,0
113.71,5858,2,2.8,0,0,0,0,0,0,0.93,0.79
114.03,5873,11,3,0.1,0,0.1,0,1,0.32099669,0.93,0.89
114.32,5888,3,3,0,0,0,0,0,0,0.92,0.87
114.6,5903,2,2.6,0,0,0,0,0,0,0.92,0.79
114.89,5918,1,2.5,0,0,0,0,0,0,0.92,0.63
115.17,5933,1,3,0,0,0,0,0,0,0.92,0.73
115.46,5948,0,3,0,0,0,0,0,0,0.93,0.74
115.76,5963,3,3,0,0,0,0,0,0,0.93,0.73
116.06,5978,33,3,0.2,0,0.2,0,0,0,0.93,0.72
116.34,5993,49,3.4,0.3,0,0.3,0,1,6.903209112,0.94,0
116.63,6008,3,4.5,0,0,0,0,0,0,0.94,0.58
116.91,6023,3,5,0,0,0,0,0,0,0.95,0.49
117.19,6038,2,4.2,0,0,0,0,0,0,0.95,0.61
117.48,6053,0,4.8,0,0,0,0,0,0,0.96,0.66
117.79,6068,0,3,0,0,0,0,0,0,0.96,0.73
118.08,6083,1,3,0,0,0,0,0,0,0.96,0.62
118.36,6098,0,3,0,0,0,0,0,0,0.96,0.68
118.64,6113,3,3,0,0,0,0,0,0,0.97,0.65
118.92,6128,12,3,0.1,0,0.1,0,1,0.568833459,0.97,0.58
119.21,6143,3,3,0,0,0,0,0,0,0.97,0.48
119.51,6158,0,3,0,0,0,0,0,0,0.98,0.36
119.8,6173,0,3,0,0,0,0,0,0,0.98,0.3
120.09,6188,1,2.7,0,0,0,0,0,0,0.98,0.44
120.37,6203,3,2.5,0,0,0,0,0,0,0.98,0.28
120.65,6218,4,3,0,0,0,0,0,0,0.98,0.34
120.93,6233,3,3,0,0,0,0,0,0,0.98,0.21
121.21,6248,3,3,0,0,0,0,0,0,0.98,0.21
121.52,6263,1,3,0,0,0,0,0,0,0.98,0.39
121.81,6278,9,3,0.1,0,0,0,0,0,0.98,0.46
122.09,6293,17,3,0.1,0,0.1,0,0,0,0.98,0.27
122.37,6308,5,3,0,0,0,0,1,1.827365135,0.97,0.25
122.65,6323,1,3,0,0,0,0,0,0,0.97,0.16
122.93,6338,0,3,0,0,0,0,0,0,0.97,0.13
123.21,6353,2,3,0,0,0,0,0,0,0.97,0.15
123.52,6368,8,3,0.1,0,0,0,1,0.391176862,0.97,0.16
123.81,6383,2,3,0,0,0,0,0,0,0.97,0.17
124.09,6398,0,3,0,0,0,0,0,0,0.97,0.18
124.37,6413,0,3,0,0,0,0,0,0,0.97,0.18
124.65,6428,6,3,0,0,0,0,1,0.212694288,0.97,0.24
124.93,6443,4,3,0,0,0,0,0,0,0.97,0.24
125.21,6458,1,3,0,0,0,0,0,0,0.97,0.34
125.51,6473,0,3,0,0,0,0,0,0,0.97,0.41
125.8,6488,8,3,0.1,0,0,0,0,0,0.97,0.61
126.08,6503,26,3,0.2,0,0.2,0,0,0,0.97,0.73
126.36,6518,12,3,0.1,0,0.1,0,1,3.75586178,0.97,0.83
126.64,6533,1,3,0,0,0,0,0,0,0.96,0.86
126.92,6548,1,3,0,0,0,0,0,0,0.96,0.83
127.2,6563,5,3,0,0,0,0,1,0.00948347,0.96,0.83
127.49,6578,1,3,0,0,0,0,0,0,0.95,0.83
127.79,6593,1,3,0,0,0,0,0,0,0.95,0.7
128.07,6608,1,3,0,0,0,0,0,0,0.94,0.01
128.35,6623,1,3,0,0,0,0,0,0,0.94,0.01
128.63,6638,0,3,0,0,0,0,0,0,0.94,0.04
128.91,6653,1,3,0,0,0,0,0,0,0.93,0.02
129.19,6668,2,3,0,0,0,0,0,0,0.93,0.04
129.47,6683,7,3,0.1,0,0,0,0,0,0.93,0.05
129.78,6698,1,3,0,0,0,0,0,0,0.92,0.06
130.06,6713,0,3,0,0,0,0,0,0,0.92,0.05
130.34,6728,1,3,0,0,0,0,0,0,0.92,0.16
130.62,6743,1,3,0,0,0,0,0,0,0.91,0.17
130.9,6758,1,3,0,0,0,0,0,0,0.91,0.1
131.18,6773,8,3,0.1,0,0,0,0,0,0.91,0.14
131.46,6788,4,3,0,0,0,0,0,0,0.91,0.13
131.75,6803,2,3,0,0,0,0,0,0,0.9,0.17
132.05,6818,6,3,0,0,0,0,0,0,0.9,0.2
132.33,6833,9,3,0.1,0,0,0,0,0,0.9,0.07
132.61,6848,15,3,0.1,0,0.1,0,0,0,0.9,0.14
132.89,6863,35,3,0.2,0,0.2,0,0,0,0.89,0.12
133.17,6878,23,3,0.2,0,0.1,0,1,4.632319334,0.89,0.11
133.44,6893,8,3,0.1,0,0,0,0,0,0.89,0.16
133.73,6908,25,3,0.2,0,0.1,0,0,0,0.89,0.32
134.03,6923,18,3,0.1,0,0.1,0,1,2.296723864,0.89,0.29
134.31,6938,8,3,0.1,0,0,0,0,0,0.88,0.28
134.59,6953,10,3,0.1,0,0,0,0,0,0.88,0.28
134.87,6968,10,3,0.1,0,0,0,0,0,0.87,0.49
135.15,6983,5,3,0,0,0,0,0,0,0.87,0.62
135.43,6998,2,3,0,0,0,0,0,0,0.86,0.62
135.71,7013,1,3,0,0,0,0,0,0,0.85,0.66
136.01,7028,4,3,0,0,0,0,0,0,0.85,0.64
136.3,7043,2,3,0,0,0,0,0,0,0.85,0.59
136.58,7058,3,3,0,0,0,0,0,0,0.84,0.57
136.86,7073,3,3,0,0,0,0,0,0,0.84,0.49
137.14,7088,3,3,0,0,0,0,0,0,0.84,0.46
137.42,7103,5,3,0,0,0,0,0,0,0.84,0.42
137.7,7118,3,3,0,0,0,0,0,0,0.84,0.32
137.99,7133,2,3,0,0,0,0,0,0,0.84,0.51
138.29,7148,4,3,0,0,0,0,0,0,0.84,0.5
138.57,7163,9,3,0.1,0,0,0,0,0,0.84,0.27
138.85,7178,15,3,0.1,0,0.1,0,0,0,0.84,0.47
139.13,7193,10,3,0.1,0,0,0,1,0.746117886,0.84,0.49
139.41,7208,6,3,0,0,0,0,0,0,0.83,0.57
139.69,7223,7,3,0,0,0,0,0,0,0.83,0.43
139.97,7238,6,3,0,0,0,0,0,0,0.84,0.49
140.28,7253,2,3,0,0,0,0,0,0,0.84,0.53
140.56,7268,2,3,0,0,0,0,0,0,0.84,0.5
140.84,7283,1,3,0,0,0,0,0,0,0.84,0.53
141.12,7298,2,3,0,0,0,0,0,0,0.84,0.22
141.4,7313,4,3,0,0,0,0,0,0,0.85,0.03
141.68,7328,2,3,0,0,0,0,0,0,0.85,0.35
141.96,7343,7,3,0,0,0,0,0,0,0.85,0.55
142.27,7358,10,3,0.1,0,0,0,0,0,0.85,0.72
142.56,7373,13,3,0.1,0,0.1,0,0,0,0.85,0.58
142.75,7388,22,3,0.1,0,0.1,0,0,0,0.85,0.53
142.99,7403,13,3,0.1,0,0.1,0,1,3.653807205,0.85,0.67
143.25,7418,4,3,0,0,0,0,0,0,0.85,0.72
143.61,7433,4,3,0,0,0,0,0,0,0.85,0.61
143.96,7448,7,3,0.1,0,0,0,0,0,0.85,0.72
144.27,7463,20,3,0.1,0,0.1,0,0,0,0.85,0.56
144.56,7478,12,3,0.1,0,0.1,0,1,2.055183893,0.85,0.82
144.84,7493,4,3,0,0,0,0,0,0,0.85,0.77
145.12,7508,1,3,0,0,0,0,0,0,0.85,0.55
145.4,7523,1,3,0,0,0,0,0,0,0.85,0.74
145.68,7538,1,3,0,0,0,0,0,0,0.85,0.75
145.97,7553,2,3,0,0,0,0,0,0,0.84,0.49
146.28,7568,2,3,0,0,0,0,0,0,0.84,0.43
146.56,7583,14,3,0.1,0,0.1,0,0,0,0.84,0.17
146.84,7598,10,3,0.1,0,0,0,0,0,0.83,0.1
147.13,7613,12,3,0.1,0,0.1,0,0,0,0.83,0.16
147.41,7628,14,3,0.1,0,0.1,0,0,0,0.82,0.21
147.69,7643,8,3,0.1,0,0,0,0,0,0.82,0.47
147.98,7658,20,3,0.1,0,0.1,0,0,0,0.82,0.21
148.29,7673,12,3,0.1,0,0.1,0,1,5.726388646,0.82,0.21
148.57,7688,4,3,0,0,0,0,0,0,0.81,0.21
148.86,7703,3,3,0,0,0,0,0,0,0.81,0.21
149.14,7718,7,3,0,0,0,0,0,0,0.81,0.21
149.42,7733,4,3,0,0,0,0,0,0,0.81,0.21
149.71,7748,16,3,0.1,0,0.1,0,0,0.884000089,0.8,0.21
150.02,7763,4,3,0,0,0,0,0,0,0.8,0.21
150.31,7778,5,3,0,0,0,0,0,0,0.8,0.21
150.59,7793,4,3,0,0,0,0,0,0,0.8,0.21
150.88,7808,4,3,0,0,0,0,0,0,0.8,0.21
151.16,7823,3,3,0,0,0,0,0,0,0.79,0.21
32.27,7838,0,0.6,0,0,0,0,0,0,0.79,0.21
0,7853,0,0,0,0,0,0,0,0,0.79,0.21
0,7868,0,0,0,0,0,0,0,0,0.79,0.21
0,7883,0,0,0,0,0,0,0,0,0.79,0.21
0,7898,0,0,0,0,0,0,0,0,0.79,0.21
